{
  "checked_at": "2026-06-02T01:25:11.137359+00:00",
  "trade_count": 121,
  "positive_trade_count": 55,
  "largest_trade_return_pct": 102.3518141937617,
  "top5_return_pct_sum": 404.9818932883686,
  "largest_trade_share_of_total_return": 0.001723955449298252,
  "top5_share_of_total_return": 0.006821283504363711,
  "total_return_pct": 59370.33595353332
}